Company,Country,Production,Role,Voice type,Also called,Voice,Opera (matched),Composer,Marked as,Link,Found on
Tiroler Landestheater Innsbruck,Austria,Don Giovanni,Don Ottavio,Lyrischer Tenor,,Tenor,Don Giovanni,Mozart,N.N.,https://www.landestheater.at/produktionen/don-giovanni,2026-08-21
Bayerische Staatsoper,Germany,DIE KAMELIENDAME,Manon Lescaut,Jugendlich-dramatischer Sopran,,Soprano,Manon Lescaut,Puccini,N.N.,https://www.staatsoper.de/stuecke/die-kameliendame,2026-08-21
Bayerische Staatsoper,Germany,DIE KAMELIENDAME,Des Grieux,Jugendlicher Heldentenor,,Tenor,Manon Lescaut,Puccini,N.N.,https://www.staatsoper.de/stuecke/die-kameliendame,2026-08-21
Bayerische Staatsoper,Germany,DIE KAMELIENDAME,Olympia,Koloratursopran,,Soprano,Les contes d'Hoffmann,Offenbach,N.N.,https://www.staatsoper.de/stuecke/die-kameliendame,2026-08-21
Deutsche Oper am Rhein,Germany,Il barbiere di Siviglia,Bartolo,Spielbass,,Bass,Le nozze di Figaro,Mozart,N.N.,https://operamrhein.de/spielplan/produktionen/il-barbiere-di-siviglia/,2026-08-21
Semperoper Dresden,Germany,Don Carlo,Il Conte di Lerma,Charaktertenor,,Tenor,Don Carlo,Verdi,N.N.,https://www.semperoper.de/spielplan/stuecke/stid/don-carlo/61447.html,2026-08-21
Semperoper Dresden,Germany,Don Carlo,Un Frate,Serioeser Bass,,Bass,Don Carlo,Verdi,N.N.,https://www.semperoper.de/spielplan/stuecke/stid/don-carlo/61447.html,2026-08-21
Semperoper Dresden,Germany,La bohème,Musetta,Lyrischer Sopran / Soubrette,,Soprano,La boheme,Puccini,N.N.,https://www.semperoper.de/spielplan/stuecke/stid/boheme/147.html,2026-08-21
Semperoper Dresden,Germany,La bohème,Colline,Serioeser Bass,,Bass,La boheme,Puccini,N.N.,https://www.semperoper.de/spielplan/stuecke/stid/boheme/147.html,2026-08-21
Semperoper Dresden,Germany,Die Zauberflöte,Papagena,Soubrette,,Soprano,Die Zauberfloete,Mozart,N.N.,https://www.semperoper.de/spielplan/stuecke/stid/zauberfloete/61859.html,2026-08-21
Semperoper Dresden,Germany,Die Zauberflöte,Sarastro,Serioeser Bass,,Bass,Die Zauberfloete,Mozart,N.N.,https://www.semperoper.de/spielplan/stuecke/stid/zauberfloete/61859.html,2026-08-21
Semperoper Dresden,Germany,Die Zauberflöte,Tamino,Lyrischer Tenor,,Tenor,Die Zauberfloete,Mozart,N.N.,https://www.semperoper.de/spielplan/stuecke/stid/zauberfloete/61859.html,2026-08-21
Semperoper Dresden,Germany,Die Zauberflöte,Sprecher,Bass-Bariton,,Bass-baritone,Die Zauberfloete,Mozart,N.N.,https://www.semperoper.de/spielplan/stuecke/stid/zauberfloete/61859.html,2026-08-21
Semperoper Dresden,Germany,Die Zauberflöte,Papageno,Kavalierbariton,Lyrischer Bariton / Spielbariton,Baritone,Die Zauberfloete,Mozart,N.N.,https://www.semperoper.de/spielplan/stuecke/stid/zauberfloete/61859.html,2026-08-21
Semperoper Dresden,Germany,Die Zauberflöte,Pamina,Lyrischer Sopran,,Soprano,Die Zauberfloete,Mozart,N.N.,https://www.semperoper.de/spielplan/stuecke/stid/zauberfloete/61859.html,2026-08-21
Theater Dortmund,Germany,Das Geheimnis der Knusperhexe,Sandmännchen,Soubrette,,Soprano,Haensel und Gretel,Humperdinck,N.N.,https://www.theaterdo.de/produktionen/detail/das-geheimnis-der-knusperhexe/,2026-08-21
Opera North,UK,Audio Described Performances,Rigoletto,Charakterbariton / Verdi-Bariton,,Baritone,Rigoletto,Verdi,TBC,https://www.operanorth.co.uk/access/audio-described-performances/,2026-08-21
Opera North,UK,Audio Described Performances,Don Giovanni,Kavalierbariton,,Baritone,Don Giovanni,Mozart,TBC,https://www.operanorth.co.uk/access/audio-described-performances/,2026-08-21
Oper Graz,Austria,Kalender,Der Pfleger des Orest | Ein alter Diener,N.A.,,N.A.,N.A.,N.A.,N.N.,https://www.oper-graz.com/spielplan/kalender/,2026-08-21
Pacific Opera Victoria,Canada,Hansel & Gretel,Sandman/Dew Fairy,N.A.,,N.A.,N.A.,N.A.,TBA,https://pacificopera.ca/event/hansel-gretel/,2026-08-21
Opera Comique,France,L'équipe de l'Opéra-Comique,Adjointe à la DRH,N.A.,,N.A.,N.A.,N.A.,NN,https://www.opera-comique.com/en/node/1655,2026-08-21
Opera Comique,France,L'équipe de l'Opéra-Comique,"Adjointe paie, responsable du SIRH",N.A.,,N.A.,N.A.,N.A.,NN,https://www.opera-comique.com/en/node/1655,2026-08-21
Opera de Lyon,France,Nuit de mai,La Marâtre,N.A.,,N.A.,N.A.,N.A.,NN,https://www.opera-lyon.com/fr/programmation/saison-2026-2027/opera/nuit-de-mai,2026-08-21
Opera de Lyon,France,"Leïla Martial & Elie Dufour ""Karma Bazar""","– son,",N.A.,,N.A.,N.A.,N.A.,NN,https://www.opera-lyon.com/fr/programmation/saison-2026-2027/opera-underground/leila-martial-elie-dufour-karma-bazar,2026-08-21
Deutsche Oper Berlin,Germany,In 80 Tagen um die Welt,Schaffner / Sailor / Häuptling der Apachen,N.A.,,N.A.,N.A.,N.A.,N. N.,https://www.deutscheoperberlin.de/de_DE/production/in-80-tagen-um-die-welt.1385725,2026-08-21
Deutsche Oper Berlin,Germany,Le nozze di Figaro,N. N.,N.A.,,N.A.,N.A.,N.A.,N. N.,https://www.deutscheoperberlin.de/de_DE/production/le-nozze-di-figaro.1385793,2026-08-21
Oldenburgisches Staatstheater,Germany,4. Sinfoniekonzert,Solist:innen,N.A.,,N.A.,N.A.,N.A.,N. N.,https://www.staatstheater.de/programm/konzert/sinfoniekonzerte/spielzeit-2627/4-sinfoniekonzert,2026-08-21
Oldenburgisches Staatstheater,Germany,The Sound of Music,"Louisa, 13 Jahre",N.A.,,N.A.,N.A.,N.A.,N.N.,https://www.staatstheater.de/programm/musiktheater/spielzeit-2627/the-sound-of-music,2026-08-21
Oldenburgisches Staatstheater,Germany,The Sound of Music,"Kurt, 10 Jahre",N.A.,,N.A.,N.A.,N.A.,N.N.,https://www.staatstheater.de/programm/musiktheater/spielzeit-2627/the-sound-of-music,2026-08-21
Oldenburgisches Staatstheater,Germany,The Sound of Music,"Brigitta, 9 Jahre",N.A.,,N.A.,N.A.,N.A.,N.N.,https://www.staatstheater.de/programm/musiktheater/spielzeit-2627/the-sound-of-music,2026-08-21
Oldenburgisches Staatstheater,Germany,The Sound of Music,"Marta, 7 Jahre",N.A.,,N.A.,N.A.,N.A.,N.N.,https://www.staatstheater.de/programm/musiktheater/spielzeit-2627/the-sound-of-music,2026-08-21
Oldenburgisches Staatstheater,Germany,The Sound of Music,"Gretl, die Jüngste",N.A.,,N.A.,N.A.,N.A.,N.N.,https://www.staatstheater.de/programm/musiktheater/spielzeit-2627/the-sound-of-music,2026-08-21
Oper Stuttgart,Germany,Atatürk,"Enver Pascha/ 5. Frau, die Überassimilierte",N.A.,,N.A.,N.A.,N.A.,N.N.,https://www.staatsoper-stuttgart.de/spielplan/a-z/atatuerk/,2026-08-21
Theater Bonn,Germany,Der Barbier von Sevilla,Tanz - Swing,N.A.,,N.A.,N.A.,N.A.,NN,https://www.theater-bonn.de/de/programm/der-barbier-von-sevilla/227939,2026-08-21
Bampton Classical Opera,UK,Welcome to Bampton Classical Opera,“Drinking tea in various attitudes of deep abstraction”,N.A.,,N.A.,N.A.,N.A.,tbc,https://bamptonopera.org/operadetail.htm?event=52,2026-08-21
Bampton Classical Opera,UK,Welcome to Bampton Classical Opera,Fidelity and fishing: La vera costanza,N.A.,,N.A.,N.A.,N.A.,tbc,https://bamptonopera.org/operadetail.htm?event=63,2026-08-21
Bampton Classical Opera,UK,Welcome to Bampton Classical Opera,‘Sir John in Love’,N.A.,,N.A.,N.A.,N.A.,tbc,https://bamptonopera.org/operadetail.htm?event=62,2026-08-21
Bampton Classical Opera,UK,Welcome to Bampton Classical Opera,The Merry Wives of Windsor: operatic and music theatre settings,N.A.,,N.A.,N.A.,N.A.,tbc,https://bamptonopera.org/operadetail.htm?event=62,2026-08-21
Bampton Classical Opera,UK,Welcome to Bampton Classical Opera,Waiting for Figaro - two abandoned operas and a singspiel,N.A.,,N.A.,N.A.,N.A.,tbc,https://bamptonopera.org/operadetail.htm?event=66,2026-08-21
Opera North,UK,Audio Described Performances,TBC,N.A.,,N.A.,N.A.,N.A.,TBC,https://www.operanorth.co.uk/access/audio-described-performances/,2026-08-21
